Name,METADATA Attribute,Data Type,Key Type,Integration Object Name,Required,Lookup,Description
"User ID","UserId","Number","Surrogate ID","User","Yes","","The application generated ID to uniquely identify the user update request. Only available to reference existing records."
"Person Number","PersonNumber","String","User Key","","No","","The person number of the person for whom you are creating or updating the user account."
"Add or Remove Role","AddRemoveRole","String","","","No","","Specifies whether to add or remove the role identified on the Role Common Name attribute. Set to ADD or REMOVE."
"Credentials Email Sent","CredentialsEmailSent","String","","","No","","Indicates whether the user's account and password details email has been sent. Valid values are Y and N. To reset passwords, set this value to N before running the Send User Name and Password E-Mail Notifications process."
"Generate User Account","GenerateUserAccount","String","","","No","","Specifies whether to request a user account for the specified Person Number if no user account exists. Valid values are Y and N."
"Person ID","PersonId","Number","Foreign Object Reference","Person","No","","A unique reference to the person for whom you are creating or updating the user account."
"Role Common Name","RoleCommonName","String","User Key","","No","","The role code of the role that you want to add to or remove from the user account. For example, specify PER_EMPLOYEE_ABSTRACT rather than Employee."
"Role ID","RoleId","Number","Foreign Object Reference","","No","","The surrogate ID of the role to add or remove from the user account."
"Suspended","Suspended","String","","","No","","Indicates whether to request suspension of the user account or removal of an existing suspension. Valid values are Y and N."
"User Category","UserCategory","String","","","No","","The category associated with the user. This is not validated when creating the LDAP request. If the value is invalid when processing the LDAP request, the category will be set to the default value."
"Username","Username","String","","","No","","To request a change to the existing user name, specify a new user name. The existing user name is retained if you do not supply this attribute value. If you set the Generate User Account attribute to Y and leave this attribute blank, then the user name is generated in the enterprise default format."
"Source System ID","SourceSystemId","String","Source Key","","No","","A value to uniquely identify this record. This must be unique for the source system owner and business object component."
"Source System Owner","SourceSystemOwner","String","Source Key","","No","","The name of the source system used to generate the source system ID."
"Globally Unique ID","GUID","String","Globally Unique ID","","No","","The globally unique ID. Only available to reference existing records, it cannot be supplied for new records."
"Reference Context","SourceRefTableName","String","","","No","","The context for the user-defined references provided for this component. Don't supply values for this attribute, instead specify the context against this attribute in the METADATA line using the format: SourceRefTableName= context. For example: SourceRefTableName=Store Information."
"Reference 1","SourceRef001","String","","","No","","A user-defined reference value used for reporting and reconciling your data in the staging tables. This information is not saved in the application. You name your reference on the METADATA line using the format Attribute name = Reference name. For example, SourceRef001=Assignment Number."
"Reference 2","SourceRef002","String","","","No","","A user-defined reference value used for reporting and reconciling your data in the staging tables. This information is not saved in the application. You name your reference on the METADATA line using the format Attribute name = Reference name. For example, SourceRef001=Assignment Number."
"Reference 3","SourceRef003","String","","","No","","A user-defined reference value used for reporting and reconciling your data in the staging tables. This information is not saved in the application. You name your reference on the METADATA line using the format Attribute name = Reference name. For example, SourceRef001=Assignment Number."
"Reference 4","SourceRef004","String","","","No","","A user-defined reference value used for reporting and reconciling your data in the staging tables. This information is not saved in the application. You name your reference on the METADATA line using the format Attribute name = Reference name. For example, SourceRef001=Assignment Number."
"Reference 5","SourceRef005","String","","","No","","A user-defined reference value used for reporting and reconciling your data in the staging tables. This information is not saved in the application. You name your reference on the METADATA line using the format Attribute name = Reference name. For example, SourceRef001=Assignment Number."
"Reference 6","SourceRef006","String","","","No","","A user-defined reference value used for reporting and reconciling your data in the staging tables. This information is not saved in the application. You name your reference on the METADATA line using the format Attribute name = Reference name. For example, SourceRef001=Assignment Number."
"Reference 7","SourceRef007","String","","","No","","A user-defined reference value used for reporting and reconciling your data in the staging tables. This information is not saved in the application. You name your reference on the METADATA line using the format Attribute name = Reference name. For example, SourceRef001=Assignment Number."
"Reference 8","SourceRef008","String","","","No","","A user-defined reference value used for reporting and reconciling your data in the staging tables. This information is not saved in the application. You name your reference on the METADATA line using the format Attribute name = Reference name. For example, SourceRef001=Assignment Number."
"Reference 9","SourceRef009","String","","","No","","A user-defined reference value used for reporting and reconciling your data in the staging tables. This information is not saved in the application. You name your reference on the METADATA line using the format Attribute name = Reference name. For example, SourceRef001=Assignment Number."
"Reference 10","SourceRef010","String","","","No","","A user-defined reference value used for reporting and reconciling your data in the staging tables. This information is not saved in the application. You name your reference on the METADATA line using the format Attribute name = Reference name. For example, SourceRef001=Assignment Number."
