Name,METADATA Attribute,Data Type,Key Type,Integration Object Name,Required,Lookup,Description,Integration Keys Supported,Length,Scale
"User Role ID","UserRoleId","Number","Surrogate ID","UserRole","Yes","","The application generated ID to uniquely identify the user role update request. Only available to reference existing records.","Yes","18",""
"Person Number","PersonNumber","String","User Key","","No","","The person number of the person for whom this role request is being made.","","30",""
"Role Common Name","RoleCommonName","String","User Key","","No","","The role code of the role that you want to add to or remove from the user account. For example, specify PER_EMPLOYEE_ABSTRACT rather than Employee.","","4000",""
"User ID","UserId","Number","Parent Surrogate ID","User","Yes","","A unique reference to the user for whom this role request is being made.","Yes","18",""
"Add or Remove Role","AddRemoveRole","String","","","No","","Specifies whether to add or remove the role identified on the Role Common Name attribute. Set to ADD or REMOVE.","","",""
"","PersonId","Number","Foreign Object Reference","Person","No","","","Yes","18",""
"Source System ID","SourceSystemId","String","Source Key","","No","","A value to uniquely identify this record. This must be unique for the source system owner and business object component.","","100",""
"Source System Owner","SourceSystemOwner","String","Source Key","","No","","The name of the source system used to generate the source system ID.","","30",""
"Globally Unique ID","GUID","String","Globally Unique ID","","No","","The globally unique ID. Only available to reference existing records, it cannot be supplied for new records.","","32",""
"Reference Context","SourceRefTableName","String","","","No","","The context for the user-defined references provided for this component. Don't supply values for this attribute, instead specify the context against this attribute in the METADATA line using the format: SourceRefTableName= context. For example: SourceRefTableName=Store Information.","","200",""
"Reference 1","SourceRef001","String","","","No","","A user-defined reference value used for reporting and reconciling your data in the staging tables. This information is not saved in the application. You name your reference on the METADATA line using the format Attribute name = Reference name. For example, SourceRef001=Assignment Number.","","200",""
"Reference 2","SourceRef002","String","","","No","","A user-defined reference value used for reporting and reconciling your data in the staging tables. This information is not saved in the application. You name your reference on the METADATA line using the format Attribute name = Reference name. For example, SourceRef001=Assignment Number.","","200",""
"Reference 3","SourceRef003","String","","","No","","A user-defined reference value used for reporting and reconciling your data in the staging tables. This information is not saved in the application. You name your reference on the METADATA line using the format Attribute name = Reference name. For example, SourceRef001=Assignment Number.","","200",""
"Reference 4","SourceRef004","String","","","No","","A user-defined reference value used for reporting and reconciling your data in the staging tables. This information is not saved in the application. You name your reference on the METADATA line using the format Attribute name = Reference name. For example, SourceRef001=Assignment Number.","","200",""
"Reference 5","SourceRef005","String","","","No","","A user-defined reference value used for reporting and reconciling your data in the staging tables. This information is not saved in the application. You name your reference on the METADATA line using the format Attribute name = Reference name. For example, SourceRef001=Assignment Number.","","200",""
"Reference 6","SourceRef006","String","","","No","","A user-defined reference value used for reporting and reconciling your data in the staging tables. This information is not saved in the application. You name your reference on the METADATA line using the format Attribute name = Reference name. For example, SourceRef001=Assignment Number.","","200",""
"Reference 7","SourceRef007","String","","","No","","A user-defined reference value used for reporting and reconciling your data in the staging tables. This information is not saved in the application. You name your reference on the METADATA line using the format Attribute name = Reference name. For example, SourceRef001=Assignment Number.","","200",""
"Reference 8","SourceRef008","String","","","No","","A user-defined reference value used for reporting and reconciling your data in the staging tables. This information is not saved in the application. You name your reference on the METADATA line using the format Attribute name = Reference name. For example, SourceRef001=Assignment Number.","","200",""
"Reference 9","SourceRef009","String","","","No","","A user-defined reference value used for reporting and reconciling your data in the staging tables. This information is not saved in the application. You name your reference on the METADATA line using the format Attribute name = Reference name. For example, SourceRef001=Assignment Number.","","200",""
"Reference 10","SourceRef010","String","","","No","","A user-defined reference value used for reporting and reconciling your data in the staging tables. This information is not saved in the application. You name your reference on the METADATA line using the format Attribute name = Reference name. For example, SourceRef001=Assignment Number.","","200",""
